<?xml version="1.0" encoding="UTF-8" ?>
<OpenSimDocument Version="40000">
	<InverseKinematicsTool>
		<!--The time range for the study.-->
		<time_range>0 2.3199999999999998</time_range>
		<!--Name of the resulting inverse kinematics motion (.mot) file.-->
		<output_motion_file>IK/IK_results.mot</output_motion_file>
		<!--Markers and coordinates to be considered (tasks) and their weightings. The sum of weighted-squared task errors composes the cost function.-->
		<IKTaskSet>
			<objects>
				<IKMarkerTask name="RASI">
					<!--Whether or not this task will be used during inverse kinematics solve, default is true.-->
					<apply>true</apply>
					<!--Weight given to the task when solving inverse kinematics problems, default is 0.-->
					<weight>1</weight>
				</IKMarkerTask>
				<IKMarkerTask name="LASI">
					<!--Whether or not this task will be used during inverse kinematics solve, default is true.-->
					<apply>true</apply>
					<!--Weight given to the task when solving inverse kinematics problems, default is 0.-->
					<weight>1</weight>
				</IKMarkerTask>
				<IKMarkerTask name="RPSI">
					<!--Whether or not this task will be used during inverse kinematics solve, default is true.-->
					<apply>true</apply>
					<!--Weight given to the task when solving inverse kinematics problems, default is 0.-->
					<weight>1</weight>
				</IKMarkerTask>
				<IKMarkerTask name="LPSI">
					<!--Whether or not this task will be used during inverse kinematics solve, default is true.-->
					<apply>true</apply>
					<!--Weight given to the task when solving inverse kinematics problems, default is 0.-->
					<weight>1</weight>
				</IKMarkerTask>
				<IKMarkerTask name="midASI">
					<!--Whether or not this task will be used during inverse kinematics solve, default is true.-->
					<apply>false</apply>
					<!--Weight given to the task when solving inverse kinematics problems, default is 0.-->
					<weight>1</weight>
				</IKMarkerTask>
				<IKMarkerTask name="midPSI">
					<!--Whether or not this task will be used during inverse kinematics solve, default is true.-->
					<apply>false</apply>
					<!--Weight given to the task when solving inverse kinematics problems, default is 0.-->
					<weight>1</weight>
				</IKMarkerTask>
				<IKMarkerTask name="RTHI">
					<!--Whether or not this task will be used during inverse kinematics solve, default is true.-->
					<apply>true</apply>
					<!--Weight given to the task when solving inverse kinematics problems, default is 0.-->
					<weight>2</weight>
				</IKMarkerTask>
				<IKMarkerTask name="RKNE">
					<!--Whether or not this task will be used during inverse kinematics solve, default is true.-->
					<apply>false</apply>
					<!--Weight given to the task when solving inverse kinematics problems, default is 0.-->
					<weight>1</weight>
				</IKMarkerTask>
				<IKMarkerTask name="RKNM">
					<!--Whether or not this task will be used during inverse kinematics solve, default is true.-->
					<apply>true</apply>
					<!--Weight given to the task when solving inverse kinematics problems, default is 0.-->
					<weight>1</weight>
				</IKMarkerTask>
				<IKMarkerTask name="midKneeR">
					<!--Whether or not this task will be used during inverse kinematics solve, default is true.-->
					<apply>false</apply>
					<!--Weight given to the task when solving inverse kinematics problems, default is 0.-->
					<weight>1</weight>
				</IKMarkerTask>
				<IKMarkerTask name="RTIB">
					<!--Whether or not this task will be used during inverse kinematics solve, default is true.-->
					<apply>true</apply>
					<!--Weight given to the task when solving inverse kinematics problems, default is 0.-->
					<weight>1</weight>
				</IKMarkerTask>
				<IKMarkerTask name="RANK">
					<!--Whether or not this task will be used during inverse kinematics solve, default is true.-->
					<apply>true</apply>
					<!--Weight given to the task when solving inverse kinematics problems, default is 0.-->
					<weight>1</weight>
				</IKMarkerTask>
				<IKMarkerTask name="RMED">
					<!--Whether or not this task will be used during inverse kinematics solve, default is true.-->
					<apply>false</apply>
					<!--Weight given to the task when solving inverse kinematics problems, default is 0.-->
					<weight>1</weight>
				</IKMarkerTask>
				<IKMarkerTask name="midAnkleR">
					<!--Whether or not this task will be used during inverse kinematics solve, default is true.-->
					<apply>false</apply>
					<!--Weight given to the task when solving inverse kinematics problems, default is 0.-->
					<weight>1</weight>
				</IKMarkerTask>
				<IKMarkerTask name="RHEE">
					<!--Whether or not this task will be used during inverse kinematics solve, default is true.-->
					<apply>true</apply>
					<!--Weight given to the task when solving inverse kinematics problems, default is 0.-->
					<weight>1</weight>
				</IKMarkerTask>
				<IKMarkerTask name="HeelGroundR">
					<!--Whether or not this task will be used during inverse kinematics solve, default is true.-->
					<apply>false</apply>
					<!--Weight given to the task when solving inverse kinematics problems, default is 0.-->
					<weight>1</weight>
				</IKMarkerTask>
				<IKMarkerTask name="RTOE">
					<!--Whether or not this task will be used during inverse kinematics solve, default is true.-->
					<apply>true</apply>
					<!--Weight given to the task when solving inverse kinematics problems, default is 0.-->
					<weight>1</weight>
				</IKMarkerTask>
				<IKMarkerTask name="RTOEGround">
					<!--Whether or not this task will be used during inverse kinematics solve, default is true.-->
					<apply>false</apply>
					<!--Weight given to the task when solving inverse kinematics problems, default is 0.-->
					<weight>1</weight>
				</IKMarkerTask>
				<IKMarkerTask name="LTHI">
					<!--Whether or not this task will be used during inverse kinematics solve, default is true.-->
					<apply>true</apply>
					<!--Weight given to the task when solving inverse kinematics problems, default is 0.-->
					<weight>1</weight>
				</IKMarkerTask>
				<IKMarkerTask name="LKNE">
					<!--Whether or not this task will be used during inverse kinematics solve, default is true.-->
					<apply>true</apply>
					<!--Weight given to the task when solving inverse kinematics problems, default is 0.-->
					<weight>1</weight>
				</IKMarkerTask>
				<IKMarkerTask name="LKNM">
					<!--Whether or not this task will be used during inverse kinematics solve, default is true.-->
					<apply>true</apply>
					<!--Weight given to the task when solving inverse kinematics problems, default is 0.-->
					<weight>1</weight>
				</IKMarkerTask>
				<IKMarkerTask name="midKneeL">
					<!--Whether or not this task will be used during inverse kinematics solve, default is true.-->
					<apply>false</apply>
					<!--Weight given to the task when solving inverse kinematics problems, default is 0.-->
					<weight>1</weight>
				</IKMarkerTask>
				<IKMarkerTask name="LTIB">
					<!--Whether or not this task will be used during inverse kinematics solve, default is true.-->
					<apply>true</apply>
					<!--Weight given to the task when solving inverse kinematics problems, default is 0.-->
					<weight>1</weight>
				</IKMarkerTask>
				<IKMarkerTask name="LANK">
					<!--Whether or not this task will be used during inverse kinematics solve, default is true.-->
					<apply>true</apply>
					<!--Weight given to the task when solving inverse kinematics problems, default is 0.-->
					<weight>1</weight>
				</IKMarkerTask>
				<IKMarkerTask name="LMED">
					<!--Whether or not this task will be used during inverse kinematics solve, default is true.-->
					<apply>true</apply>
					<!--Weight given to the task when solving inverse kinematics problems, default is 0.-->
					<weight>1</weight>
				</IKMarkerTask>
				<IKMarkerTask name="midAnkleL">
					<!--Whether or not this task will be used during inverse kinematics solve, default is true.-->
					<apply>false</apply>
					<!--Weight given to the task when solving inverse kinematics problems, default is 0.-->
					<weight>1</weight>
				</IKMarkerTask>
				<IKMarkerTask name="LHEE">
					<!--Whether or not this task will be used during inverse kinematics solve, default is true.-->
					<apply>true</apply>
					<!--Weight given to the task when solving inverse kinematics problems, default is 0.-->
					<weight>1</weight>
				</IKMarkerTask>
				<IKMarkerTask name="HeelGroundL">
					<!--Whether or not this task will be used during inverse kinematics solve, default is true.-->
					<apply>false</apply>
					<!--Weight given to the task when solving inverse kinematics problems, default is 0.-->
					<weight>1</weight>
				</IKMarkerTask>
				<IKMarkerTask name="LTOE">
					<!--Whether or not this task will be used during inverse kinematics solve, default is true.-->
					<apply>true</apply>
					<!--Weight given to the task when solving inverse kinematics problems, default is 0.-->
					<weight>1</weight>
				</IKMarkerTask>
				<IKMarkerTask name="LTOEGround">
					<!--Whether or not this task will be used during inverse kinematics solve, default is true.-->
					<apply>false</apply>
					<!--Weight given to the task when solving inverse kinematics problems, default is 0.-->
					<weight>1</weight>
				</IKMarkerTask>
				<IKCoordinateTask name="knee_rotation_r">
					<!--Whether or not this task will be used during inverse kinematics solve, default is true.-->
					<apply>true</apply>
					<!--Weight given to the task when solving inverse kinematics problems, default is 0.-->
					<weight>0.001</weight>
					<!--Indicates the source of the coordinate value for this task.  Possible values are default_value (use default value of coordinate, as specified in the model file, as the fixed target value), manual_value (use the value specified in the value property of this task as the fixed target value), or from_file (use the coordinate values from the coordinate data specified by the coordinates_file property).-->
					<value_type>manual_value</value_type>
					<!--This value will be used as the desired (or prescribed) coordinate value if value_type is set to manual_value.-->
					<value>0</value>
				</IKCoordinateTask>
				<IKCoordinateTask name="knee_adduction_r">
					<!--Whether or not this task will be used during inverse kinematics solve, default is true.-->
					<apply>true</apply>
					<!--Weight given to the task when solving inverse kinematics problems, default is 0.-->
					<weight>0.001</weight>
					<!--Indicates the source of the coordinate value for this task.  Possible values are default_value (use default value of coordinate, as specified in the model file, as the fixed target value), manual_value (use the value specified in the value property of this task as the fixed target value), or from_file (use the coordinate values from the coordinate data specified by the coordinates_file property).-->
					<value_type>manual_value</value_type>
					<!--This value will be used as the desired (or prescribed) coordinate value if value_type is set to manual_value.-->
					<value>0</value>
				</IKCoordinateTask>
				<IKCoordinateTask name="knee_rotation_l">
					<!--Whether or not this task will be used during inverse kinematics solve, default is true.-->
					<apply>true</apply>
					<!--Weight given to the task when solving inverse kinematics problems, default is 0.-->
					<weight>0.001</weight>
					<!--Indicates the source of the coordinate value for this task.  Possible values are default_value (use default value of coordinate, as specified in the model file, as the fixed target value), manual_value (use the value specified in the value property of this task as the fixed target value), or from_file (use the coordinate values from the coordinate data specified by the coordinates_file property).-->
					<value_type>manual_value</value_type>
					<!--This value will be used as the desired (or prescribed) coordinate value if value_type is set to manual_value.-->
					<value>0</value>
				</IKCoordinateTask>
				<IKCoordinateTask name="knee_adduction_l">
					<!--Whether or not this task will be used during inverse kinematics solve, default is true.-->
					<apply>true</apply>
					<!--Weight given to the task when solving inverse kinematics problems, default is 0.-->
					<weight>0.001</weight>
					<!--Indicates the source of the coordinate value for this task.  Possible values are default_value (use default value of coordinate, as specified in the model file, as the fixed target value), manual_value (use the value specified in the value property of this task as the fixed target value), or from_file (use the coordinate values from the coordinate data specified by the coordinates_file property).-->
					<value_type>default_value</value_type>
					<!--This value will be used as the desired (or prescribed) coordinate value if value_type is set to manual_value.-->
					<value>0</value>
				</IKCoordinateTask>
			</objects>
			<groups />
		</IKTaskSet>
		<!--TRC file (.trc) containing the time history of observations of marker positions obtained during a motion capture experiment. Markers in this file that have a corresponding task and model marker are included.-->
		<marker_file>dynamic_data_markers.trc</marker_file>
		<!--The name of the storage (.sto or .mot) file containing the time history of coordinate observations. Coordinate values from this file are included if there is a corresponding model coordinate and task. -->
		<coordinate_file>Unassigned</coordinate_file>
	</InverseKinematicsTool>
</OpenSimDocument>
